id,title,summary
1,Understanding Large Language Models,"Large language models have revolutionized natural language processing. This article explains how models like GPT are trained on massive datasets and fine-tuned for tasks like summarization, code generation, and question answering."
2,Getting Started with Vector Databases,"Vector databases store and retrieve embeddings efficiently for AI applications. Learn how they power semantic search, recommendations, and retrieval-augmented generation systems."
3,The Power of Embeddings in AI,"Embeddings convert words or documents into numerical vectors that capture meaning. This article explores how embeddings make search engines and chatbots smarter."
4,Introduction to Retrieval-Augmented Generation (RAG),"RAG combines vector search with large language models to provide grounded and accurate responses. This guide covers its architecture and use cases in chatbots and knowledge assistants."
5,How Tokenization Works in NLP,"Tokenization splits text into smaller units that AI models can understand. This article discusses subword tokenization, byte-pair encoding, and why token size affects context length."
6,Why Prompt Engineering Matters,"Prompt engineering helps control and guide AI model outputs. Learn how to design prompts for reasoning, creativity, and factual consistency."
7,Fine-tuning vs Prompt-tuning Explained,"Fine-tuning adapts model weights, while prompt-tuning optimizes textual inputs. This article compares both approaches and when to use each."
8,Building Chatbots with OpenAI APIs,"This tutorial walks through creating a chatbot using OpenAI's API. It covers conversation history management, token limits, and generating context-aware replies."
9,The Future of Code Generation Models,"AI-powered code assistants like Copilot and ChatGPT are transforming software development. Discover how they learn programming patterns and assist developers."
10,Storing Embeddings in PostgreSQL with PGVector,"PGVector allows PostgreSQL to store and search vector embeddings efficiently. Learn how to set up, insert, and query embeddings using SQL."
11,Understanding Attention Mechanisms,"Attention allows models to focus on relevant parts of input text. This article explains self-attention, multi-head attention, and their role in transformer models."
12,Scaling Transformer Models,"Larger models usually perform better but are harder to train. Explore techniques like tensor parallelism and model sharding to scale transformers efficiently."
13,Data Cleaning for Machine Learning,"Dirty data leads to bad predictions. Learn how to handle missing values, normalize text, and prepare structured and unstructured data for AI training."
14,Zero-Shot vs Few-Shot Learning,"Zero-shot models can perform tasks without training examples. Few-shot learning improves accuracy with minimal examples — this guide explains how they work."
15,The Rise of Open-Source LLMs,"Open-source models like LLaMA, Mistral, and Falcon are challenging proprietary models. Learn how they are trained, shared, and customized by the community."
16,Embeddings for Image and Text,"Multimodal embeddings link images and text into a shared space. This enables features like image captioning and text-to-image search."
17,Optimizing Prompt Tokens for Cost and Speed,"Each token counts when working with APIs. Learn how to write concise prompts that reduce token usage and speed up responses."
18,Understanding Model Context Windows,"Context windows determine how much text an LLM can read at once. This article explains token limits and strategies to handle long documents."
19,Using Pinecone for Semantic Search,"Pinecone is a popular vector database for semantic search. Learn how to index embeddings and query similar documents efficiently."
20,From Text to Vectors: The Math Behind Embeddings,"Go behind the scenes of embeddings — cosine similarity, dot products, and dimensionality reduction explained in simple terms."
21,LLM Evaluation Metrics Explained,"How do you measure model quality? Learn about perplexity, BLEU, ROUGE, and human evaluation for large language models."
22,The Basics of Reinforcement Learning from Human Feedback,"RLHF helps align model behavior with human intent. This guide explains the process of collecting feedback and fine-tuning models."
23,Why Contextual Search Beats Keyword Search,"Traditional keyword search misses meaning. Learn how embeddings enable semantic similarity and context-aware document retrieval."
24,How to Build a RAG System with PostgreSQL,"Combine embeddings, PGVector, and OpenAI APIs to create a retrieval-augmented generation pipeline using PostgreSQL as your vector store."
25,Deploying LLM Apps on the Cloud,"Explore different ways to deploy AI apps — using Docker, serverless APIs, or GPU-backed cloud instances."
26,Understanding Temperature in LLM Outputs,"Temperature controls creativity in AI-generated text. Learn how different temperature values affect randomness and tone."
27,Building an AI-Powered Search Engine,"Learn how to combine OpenAI embeddings, PGVector, and FastAPI to build your own semantic search engine."
28,The Role of Metadata in Vector Search,"Metadata improves filtering and ranking in vector databases. Understand how to combine embeddings with structured data queries."
29,Choosing the Right Embedding Model,"Should you use OpenAI, Hugging Face, or Cohere? Compare embedding models based on dimension size, speed, and cost."
30,How Knowledge Graphs Enhance LLMs,"Knowledge graphs structure information in a way LLMs can reference. Learn how to integrate them for more factual responses."
31,Evaluating RAG System Performance,"Measure how accurate and relevant your retrieval results are. Learn metrics and strategies for optimizing retrieval quality."
32,Memory and Context in AI Agents,"AI agents use context memory to maintain state across conversations. Learn how embeddings help them recall and reason over previous inputs."
33,Efficient Storage of High-Dimensional Data,"Storing embeddings efficiently requires proper indexing. Explore vector quantization and approximate nearest neighbor search."
34,Introduction to Approximate Nearest Neighbor Search,"ANN search speeds up similarity queries in high-dimensional spaces. This article introduces algorithms like HNSW and IVF."
35,Exploring Sentence Transformers,"Sentence Transformers create compact sentence-level embeddings. Learn how they’re trained and how to use them for similarity and clustering."
36,Why AI Models Hallucinate,"AI models sometimes generate false facts. Learn why hallucination happens and how grounding with RAG reduces it."
37,Ethics in AI Content Generation,"As AI generates more text, ethics and attribution become important. Explore how to ensure transparency and fairness in outputs."
38,Understanding Text Embedding Dimensions,"Embedding dimensions determine how much information can be represented. Learn how dimensionality affects accuracy and storage cost."
39,How Vector Search Works,"Vector search compares embeddings using distance metrics. Learn how it finds semantically similar items in milliseconds."
40,The Evolution of Transformer Models,"From the original Transformer paper to GPT-4, this article traces the innovations that shaped modern NLP."
41,Using LangChain for LLM Applications,"LangChain simplifies building apps that connect LLMs with data sources. Learn its core components and use cases."
42,Scaling RAG with Caching,"Caching frequently retrieved vectors can speed up RAG pipelines. Learn strategies to balance freshness and performance."
43,Implementing Semantic Caching,"Semantic caching reuses results for similar queries. Learn how to embed queries and compare cosine similarity for cache hits."
44,Combining Structured and Unstructured Search,"Blend vector search with SQL filters for powerful hybrid queries. Learn how PGVector enables both in PostgreSQL."
45,Understanding Cosine Similarity,"Cosine similarity measures how close two vectors are in meaning. This article explains the math with examples."
46,AI-Powered Document Clustering,"Group related documents by embedding similarity. Learn how to perform clustering using K-Means and cosine distance."
47,Integrating PGVector with Django,"Use Django ORM to connect and query embeddings stored in PostgreSQL. This guide shows a practical setup for developers."
48,Text Preprocessing for Embedding Quality,"Proper text cleaning improves embedding consistency. Learn about lowercasing, stopword removal, and lemmatization."
49,Vector Normalization and Scaling,"Normalized vectors improve cosine similarity accuracy. Learn how and why to normalize embeddings before storing them."
50,Real-World RAG Use Cases,"Discover how companies use RAG to improve customer support, documentation search, and chat assistants."
51,How LLMs Understand Context,"LLMs represent meaning through patterns of tokens. Learn how self-attention helps them maintain coherence and context."
52,Chunking Strategies for Long Documents,"Chunking splits long text into manageable parts for embeddings. Learn strategies to balance context and performance."
53,From Embeddings to Recommendations,"Embedding similarity can power recommendation engines. Learn how to build content-based recommenders using vector search."
54,Monitoring Vector Database Performance,"Track latency, recall, and index quality to optimize vector search. Learn key metrics to monitor at scale."
55,Optimizing PGVector for Large Datasets,"Learn best practices for indexing, choosing distance metrics, and tuning lists for large-scale embedding search."
56,Semantic Search in E-Commerce,"Improve product discovery by matching queries with product meaning, not keywords. Learn how embeddings enable smarter search."
57,Evaluating Embedding Quality,"Not all embeddings are equal. Learn methods to evaluate vector quality using clustering and retrieval tests."
58,Using OpenAI Embeddings with PostgreSQL,"A step-by-step guide to generating OpenAI embeddings and storing them with PGVector for semantic queries."
59,AI Trends to Watch in 2025,"From multimodal models to efficient vector databases, this article explores the most promising AI trends of 2025."
60,Building a Knowledge Base with LLMs,"Learn how to combine embeddings, RAG, and LLMs to create an intelligent, searchable knowledge base for your data."

